{
	"credit": "Made with Blockbench",
	"textures": {
		"0": "ranicart",
		"particle": "ranicart"
	},
	"elements": [
		{
			"from": [0, 0, -2],
			"to": [16, 2, 18],
			"faces": {
				"north": {"uv": [0.5, 7, 4.5, 7.5], "texture": "#0"},
				"east": {"uv": [0.5, 2.5, 5.5, 3], "texture": "#0"},
				"south": {"uv": [0.5, 7, 4.5, 7.5], "texture": "#0"},
				"west": {"uv": [0.5, 2.5, 5.5, 3], "texture": "#0"},
				"up": {"uv": [0.5, 7.5, 4.5, 12.5], "texture": "#0"},
				"down": {"uv": [4.5, 7.5, 8.5, 12.5], "texture": "#0"}
			}
		},
		{
			"from": [0, 2, -2],
			"to": [16, 10, 0],
			"faces": {
				"north": {"uv": [5, 0.5, 9, 2.5], "texture": "#0"},
				"east": {"uv": [0, 0.5, 0.5, 2.5], "rotation": 180, "texture": "#0"},
				"south": {"uv": [0.5, 0.5, 4.5, 2.5], "texture": "#0"},
				"west": {"uv": [0, 0.5, 0.5, 2.5], "texture": "#0"},
				"up": {"uv": [0.5, 0, 4.5, 0.5], "texture": "#0"},
				"down": {"uv": [0.5, 0, 4.5, 0.5], "texture": "#0"}
			}
		},
		{
			"from": [0, 2, 16],
			"to": [16, 10, 18],
			"rotation": {"angle": 0, "axis": "y", "origin": [0, 0, 16]},
			"faces": {
				"north": {"uv": [4.5, 0.5, 0.5, 2.5], "texture": "#0"},
				"east": {"uv": [0.5, 0.5, 0, 2.5], "rotation": 180, "texture": "#0"},
				"south": {"uv": [9, 0.5, 5, 2.5], "texture": "#0"},
				"west": {"uv": [0.5, 0.5, 0, 2.5], "texture": "#0"},
				"up": {"uv": [0.5, 0.5, 4.5, 0], "texture": "#0"},
				"down": {"uv": [0.5, 0.5, 4.5, 0], "texture": "#0"}
			}
		},
		{
			"from": [14, 2, 0],
			"to": [16, 10, 16],
			"rotation": {"angle": 0, "axis": "y", "origin": [0, 0, 16]},
			"faces": {
				"north": {"uv": [0.5, 0.5, 0, 2.5], "rotation": 180, "texture": "#0"},
				"east": {"uv": [9, 0.5, 5, 2.5], "texture": "#0"},
				"south": {"uv": [0.5, 0.5, 0, 2.5], "texture": "#0"},
				"west": {"uv": [4.5, 0.5, 0.5, 2.5], "texture": "#0"},
				"up": {"uv": [4.5, 0, 0.5, 0.5], "rotation": 90, "texture": "#0"},
				"down": {"uv": [4.5, 0, 0.5, 0.5], "rotation": 90, "texture": "#0"}
			}
		},
		{
			"from": [0, 2, 0],
			"to": [2, 10, 16],
			"rotation": {"angle": 0, "axis": "y", "origin": [16, 0, 16]},
			"faces": {
				"north": {"uv": [0, 0.5, 0.5, 2.5], "rotation": 180, "texture": "#0"},
				"east": {"uv": [0.5, 0.5, 4.5, 2.5], "texture": "#0"},
				"south": {"uv": [0, 0.5, 0.5, 2.5], "texture": "#0"},
				"west": {"uv": [5, 0.5, 9, 2.5], "texture": "#0"},
				"up": {"uv": [4.5, 0.5, 0.5, 0], "rotation": 90, "texture": "#0"},
				"down": {"uv": [4.5, 0.5, 0.5, 0], "rotation": 90, "texture": "#0"}
			}
		}
	],
	"display": {
		"head": {
			"translation": [0, -31.75, 0],
			"scale": [1.61914, 1.61914, 1.61914]
		}
	}
}