{
	"credit": "Made with Blockbench",
	"textures": {
		"2": "custom/iphone",
		"particle": "custom/iphone"
	},
	"elements": [
		{
			"from": [2.5, -0.004, 5.5],
			"to": [13.5, 1.004, 10.5],
			"faces": {
				"north": {"uv": [0, 8.5, 5.5, 9], "texture": "#2"},
				"east": {"uv": [6, 9.5, 8.5, 10], "texture": "#2"},
				"south": {"uv": [5.5, 8.5, 11, 9], "texture": "#2"},
				"west": {"uv": [8.5, 9.5, 11, 10], "texture": "#2"},
				"up": {"uv": [5.5, 8.5, 0, 6], "texture": "#2"},
				"down": {"uv": [11, 6, 5.5, 8.5], "texture": "#2"}
			}
		},
		{
			"from": [3, -0.002, 5],
			"to": [13, 1.002, 11],
			"faces": {
				"north": {"uv": [0, 9, 5, 9.5], "texture": "#2"},
				"east": {"uv": [0, 9.5, 3, 10], "texture": "#2"},
				"south": {"uv": [5, 9, 10, 9.5], "texture": "#2"},
				"west": {"uv": [3, 9.5, 6, 10], "texture": "#2"},
				"up": {"uv": [5, 3, 0, 0], "texture": "#2"},
				"down": {"uv": [5, 3, 0, 6], "texture": "#2"}
			}
		},
		{
			"from": [12.75, 0, 10.19645],
			"to": [13.25, 1, 10.89645],
			"rotation": {"angle": -45, "axis": "y", "origin": [13, 0.25, 10.64645]},
			"faces": {
				"north": {"uv": [5, 10, 5.25, 10.5], "texture": "#2"},
				"east": {"uv": [0, 10, 0.375, 10.5], "texture": "#2"},
				"south": {"uv": [5.5, 10, 5.75, 10.5], "texture": "#2"},
				"west": {"uv": [0.5, 10, 0.875, 10.5], "texture": "#2"},
				"up": {"uv": [9.75, 10.375, 9.5, 10], "texture": "#2"},
				"down": {"uv": [10.25, 10, 10, 10.375], "texture": "#2"}
			}
		},
		{
			"from": [2.75, 0, 10.19645],
			"to": [3.25, 1, 10.89645],
			"rotation": {"angle": 45, "axis": "y", "origin": [3, 0.25, 10.64645]},
			"faces": {
				"north": {"uv": [6, 10, 6.25, 10.5], "texture": "#2"},
				"east": {"uv": [1, 10, 1.375, 10.5], "texture": "#2"},
				"south": {"uv": [6.5, 10, 6.75, 10.5], "texture": "#2"},
				"west": {"uv": [1.5, 10, 1.875, 10.5], "texture": "#2"},
				"up": {"uv": [0.25, 10.875, 0, 10.5], "texture": "#2"},
				"down": {"uv": [10.75, 0, 10.5, 0.375], "texture": "#2"}
			}
		},
		{
			"from": [2.75, 0, 5.10355],
			"to": [3.25, 1, 5.80355],
			"rotation": {"angle": -45, "axis": "y", "origin": [3, 0.25, 5.35355]},
			"faces": {
				"north": {"uv": [8, 10, 8.25, 10.5], "texture": "#2"},
				"east": {"uv": [3, 10, 3.375, 10.5], "texture": "#2"},
				"south": {"uv": [8.5, 10, 8.75, 10.5], "texture": "#2"},
				"west": {"uv": [3.5, 10, 3.875, 10.5], "texture": "#2"},
				"up": {"uv": [1.25, 10.875, 1, 10.5], "texture": "#2"},
				"down": {"uv": [10.75, 1, 10.5, 1.375], "texture": "#2"}
			}
		},
		{
			"from": [12.75, 0, 5.10355],
			"to": [13.25, 1, 5.80355],
			"rotation": {"angle": 45, "axis": "y", "origin": [13, 0.25, 5.35355]},
			"faces": {
				"north": {"uv": [7, 10, 7.25, 10.5], "texture": "#2"},
				"east": {"uv": [2, 10, 2.375, 10.5], "texture": "#2"},
				"south": {"uv": [7.5, 10, 7.75, 10.5], "texture": "#2"},
				"west": {"uv": [2.5, 10, 2.875, 10.5], "texture": "#2"},
				"up": {"uv": [0.75, 10.875, 0.5, 10.5], "texture": "#2"},
				"down": {"uv": [10.75, 0.5, 10.5, 0.875], "texture": "#2"}
			}
		},
		{
			"from": [2.75, 1.004, 5.25],
			"to": [13.25, 1.004, 10.75],
			"faces": {
				"north": {"uv": [0, 0, 5.25, 0], "texture": "#2"},
				"east": {"uv": [0, 0, 2.75, 0], "texture": "#2"},
				"south": {"uv": [0, 0, 5.25, 0], "texture": "#2"},
				"west": {"uv": [0, 0, 2.75, 0], "texture": "#2"},
				"up": {"uv": [10.25, 2.75, 5, 0], "texture": "#2"},
				"down": {"uv": [10.25, 3, 5, 5.75], "texture": "#2"}
			}
		},
		{
			"from": [11.65, 0.375, 4.925],
			"to": [12.4, 0.625, 5.425],
			"faces": {
				"north": {"uv": [3, 10.5, 3.375, 10.625], "texture": "#2"},
				"east": {"uv": [4, 10.5, 4.25, 10.625], "texture": "#2"},
				"south": {"uv": [10.5, 3, 10.875, 3.125], "texture": "#2"},
				"west": {"uv": [10.5, 4, 10.75, 4.125], "texture": "#2"},
				"up": {"uv": [1.875, 10.75, 1.5, 10.5], "texture": "#2"},
				"down": {"uv": [10.875, 1.5, 10.5, 1.75], "texture": "#2"}
			}
		},
		{
			"from": [10.3, 0.375, 4.925],
			"to": [11.3, 0.625, 5.425],
			"faces": {
				"north": {"uv": [2.5, 10.5, 3, 10.625], "texture": "#2"},
				"east": {"uv": [4.5, 10.5, 4.75, 10.625], "texture": "#2"},
				"south": {"uv": [10.5, 2.5, 11, 2.625], "texture": "#2"},
				"west": {"uv": [10.5, 4.5, 10.75, 4.625], "texture": "#2"},
				"up": {"uv": [9.5, 10.25, 9, 10], "texture": "#2"},
				"down": {"uv": [10.5, 9, 10, 9.25], "texture": "#2"}
			}
		},
		{
			"from": [9.175, 0.375, 4.925],
			"to": [10.175, 0.625, 5.425],
			"faces": {
				"north": {"uv": [2, 10.5, 2.5, 10.625], "texture": "#2"},
				"east": {"uv": [3.5, 10.5, 3.75, 10.625], "texture": "#2"},
				"south": {"uv": [10.5, 2, 11, 2.125], "texture": "#2"},
				"west": {"uv": [10.5, 3.5, 10.75, 3.625], "texture": "#2"},
				"up": {"uv": [4.5, 10.25, 4, 10], "texture": "#2"},
				"down": {"uv": [5, 10, 4.5, 10.25], "texture": "#2"}
			}
		}
	],
	"display": {
		"thirdperson_righthand": {
			"rotation": [0, 90, 90],
			"translation": [0, 2, 4],
			"scale": [0.5, 0.5, 0.5]
		},
		"thirdperson_lefthand": {
			"rotation": [0, -90, -90],
			"translation": [0, 2, 4],
			"scale": [0.5, 0.5, 0.5]
		},
		"firstperson_righthand": {
			"rotation": [0, 90, 90],
			"translation": [-9, 8.25, 11],
			"scale": [1.8, 1.8, 1.8]
		},
		"firstperson_lefthand": {
			"rotation": [0, -90, -90],
			"translation": [-9, 8.25, 11],
			"scale": [1.8, 1.8, 1.8]
		},
		"ground": {
			"translation": [0, 3.25, 0],
			"scale": [0.75, 0.75, 0.75]
		},
		"gui": {
			"rotation": [-137.87, -41.38, -26.42],
			"translation": [3.25, -4.5, 0],
			"scale": [1.25, 1.25, 1.25]
		},
		"head": {
			"rotation": [0, -90, 0],
			"translation": [0, -35, 0]
		},
		"fixed": {
			"rotation": [-90, -90, 0],
			"translation": [0, 0, -7.5]
		}
	}
}