{
	"viichan_madly": {
	  "sounds": [
		{
		  "name": "music/viichan_madly",
		  "stream" : true
		}
	  ]
	},
	"anajuyo": {
	  "sounds": [
		{
		  "name": "env/viichan/anajuyo"
		}
	  ]
	},
	"charry": {
	  "sounds": [
		{
		  "name": "env/viichan/charry"
		}
	  ]
	},
	"ddaraogima": {
	  "sounds": [
		{
		  "name": "env/viichan/ddaraogima"
		}
	  ]
	},
	"dojun_ranibell": {
	  "sounds": [
		{
		  "name": "env/viichan/dojun_ranibell"
		}
	  ]
	},
	"jjambbong": {
	  "sounds": [
		{
		  "name": "env/viichan/jjambbong"
		}
	  ]
	},
	"kongchan": {
	  "sounds": [
		{
		  "name": "env/viichan/kongchan"
		}
	  ]
	},
	"samrai_heart": {
	  "sounds": [
		{
		  "name": "env/viichan/samrai_heart"
		}
	  ]
	},
	"segu_nadegima": {
	  "sounds": [
		{
		  "name": "env/viichan/segu_nadegima"
		}
	  ]
	}
}